Date,Chennai Positive %
03-Jul,20.5
04-Jul,16.5
05-Jul,16.6
06-Jul,18.6
07-Jul,11.9
08-Jul,15.5
09-Jul,14.0
10-Jul,13.1
11-Jul,14.1
12-Jul,11.6
13-Jul,13.3
14-Jul,11.4
15-Jul,12.1
16-Jul,10.2
17-Jul,10.1
18-Jul,9.5
19-Jul,8.9
20-Jul,9.4
21-Jul,10.3
22-Jul,9.4
23-Jul,11.2
24-Jul,10.4
25-Jul,12.0
26-Jul,10.5
27-Jul,10.2
28-Jul,9.8
29-Jul,8.8
30-Jul,9.1
31-Jul,8.9
01-Aug,8.9
02-Aug,8.6
03-Aug,9.2
04-Aug,10.0
05-Aug,8.9
06-Aug,9.4
07-Aug,8.1
08-Aug,7.0
09-Aug,7.7
10-Aug,7.9
11-Aug,8.9
12-Aug,8.0
13-Aug,9.0
14-Aug,9.3
15-Aug,10.0
16-Aug,10.5
17-Aug,10.0
18-Aug,10.3
19-Aug,9.5
20-Aug,9.3
21-Aug,9.9
22-Aug,10.7
23-Aug,10.3
24-Aug,9.7
25-Aug,10.5
26-Aug,9.7
27-Aug,9.6
28-Aug,9.4
29-Aug,9.5
30-Aug,9.5
31-Aug,8.7
01-Sep,8.1
02-Sep,7.8
03-Sep,8.5
04-Sep,7.9
05-Sep,7.8
06-Sep,7.7
07-Sep,8.5
08-Sep,8.1
09-Sep,8.2
10-Sep,7.9
11-Sep,7.8
12-Sep,7.9
13-Sep,8.2
14-Sep,8.1
15-Sep,8.0
16-Sep,8.3
17-Sep,8.4
18-Sep,8.3
19-Sep,8.6
20-Sep,8.5
21-Sep,8.4
22-Sep,8.6
23-Sep,8.4
24-Sep,8.1
25-Sep,9.1
26-Sep,9.6
27-Sep,10.0
28-Sep,10.4
29-Sep,9.7
30-Sep,10.7
01-Oct,9.8
02-Oct,10.4
03-Oct,10.0
04-Oct,10.0
05-Oct,9.8
06-Oct,9.5
07-Oct,9.7
08-Oct,9.5
09-Oct,9.2
10-Oct,9.5
11-Oct,9.1
12-Oct,9.2
13-Oct,8.8
14-Oct,8.3
15-Oct,8.4
16-Oct,8.5
17-Oct,8.5
18-Oct,8.2
19-Oct,7.3
20-Oct,7.2
21-Oct,7.0
22-Oct,7.1
23-Oct,7.1
24-Oct,7.0
25-Oct,6.9
26-Oct,7.1
27-Oct,6.8
28-Oct,6.4
29-Oct,6.9
30-Oct,6.4
31-Oct,6.5
01-Nov,6.4
02-Nov,6.3
03-Nov,6.4
04-Nov,6.0
05-Nov,5.4
06-Nov,5.3
07-Nov,5.4
08-Nov,5.7
09-Nov,5.4
10-Nov,5.5
11-Nov,5.7
12-Nov,5.3
13-Nov,5.0
14-Nov,5.4
15-Nov,6.3
16-Nov,6.6
17-Nov,6.3
18-Nov,4.6
19-Nov,5.2
20-Nov,4.9
21-Nov,4.8
22-Nov,5.1
23-Nov,4.7
24-Nov,4.6
25-Nov,4.6
26-Nov,5.3
27-Nov,4.9
28-Nov,4.6
29-Nov,3.9
30-Nov,3.8
01-Dec,4.1
02-Dec,3.9
03-Dec,3.6
04-Dec,3.5
05-Dec,3.3
06-Dec,3.4
07-Dec,3.2
08-Dec,3.3
09-Dec,3.1
10-Dec,3.2
11-Dec,3.1
12-Dec,3.0
13-Dec,3.1
14-Dec,3.3
15-Dec,3.7
16-Dec,3.1
17-Dec,3.0
18-Dec,3.1
19-Dec,3.0
20-Dec,2.9
21-Dec,2.6
22-Dec,2.7
23-Dec,2.5
24-Dec,2.4
25-Dec,2.5
26-Dec,2.7
27-Dec,2.7
28-Dec,2.8
29-Dec,2.8
30-Dec,2.6
31-Dec,2.2
01-Jan,2.2
02-Jan,
03-Jan,
04-Jan,2.3
05-Jan,2.3
06-Jan,2.2
07-Jan,2.0
08-Jan,2.1
09-Jan,2.2
10-Jan,2.0
11-Jan,1.9
12-Jan,1.9
13-Jan,1.9
14-Jan,1.9
15-Jan,1.8
16-Jan,1.8
17-Jan,1.8
18-Jan,1.6
19-Jan,1.6
20-Jan,1.7
21-Jan,1.6
22-Jan,1.5
23-Jan,1.4
24-Jan,1.6
25-Jan,1.5
26-Jan,1.7
27-Jan,1.6
28-Jan,1.4
29-Jan,1.5
30-Jan,1.4
31-Jan,1.5
01-Feb,1.3
02-Feb,1.5
03-Feb,1.5
04-Feb,1.5
05-Feb,1.7
06-Feb,1.5
07-Feb,1.4
08-Feb,1.4
09-Feb,1.4
10-Feb,1.5
11-Feb,1.5
12-Feb,1.3
13-Feb,1.3
14-Feb,1.2
15-Feb,1.3
16-Feb,1.5
17-Feb,1.5
18-Feb,1.2
19-Feb,1.2
20-Feb,1.2
21-Feb,1.4
22-Feb,1.4
23-Feb,1.4
24-Feb,1.7
25-Feb,1.6
26-Feb,1.8
27-Feb,1.7
28-Feb,1.5
01-Mar,1.6
02-Mar,1.7
03-Mar,1.8
04-Mar,1.9
05-Mar,2.0
06-Mar,2.1
07-Mar,2.1
08-Mar,2.1
09-Mar,2.2
10-Mar,2.7
11-Mar,2.3
12-Mar,2.1
13-Mar,2.3
14-Mar,2.3
15-Mar,2.5
16-Mar,2.9
17-Mar,3.4
18-Mar,2.9
19-Mar,3.1
20-Mar,3.3
21-Mar,3.1
22-Mar,3.3
23-Mar,3.9
24-Mar,4.4
25-Mar,4.5
26-Mar,5.0
27-Mar,5.1
28-Mar,5.5
29-Mar,5.7
30-Mar,6.2
31-Mar,6.8
01-Apr,7.2
02-Apr,8.0
03-Apr,8.7
04-Apr,9.5
05-Apr,9.2
06-Apr,10.0
07-Apr,11.4
08-Apr,11.8
09-Apr,12.2
10-Apr,13.0
11-Apr,14.9
12-Apr,13.3
13-Apr,16.8
14-Apr,16.8
15-Apr,15.0
16-Apr,17.2
17-Apr,17.0
18-Apr,20.1
19-Apr,17.9
20-Apr,21.2
21-Apr,24.0
22-Apr,21.0
23-Apr,19.9
24-Apr,20.9
25-Apr,21.0
26-Apr,21.2
27-Apr,22.6
28-Apr,21.9
29-Apr,23.6
30-Apr,21.4
01-May,20.6
02-May,21.4
03-May,21.4
04-May,21.8
05-May,23.9
06-May,22.8
07-May,22.5
08-May,23.3
09-May,21.3
10-May,21.3
11-May,27.7
12-May,25.4
13-May,22.4
14-May,21.1
15-May,22.1
16-May,20.6
17-May,20.8
18-May,22.7
19-May,22.7
20-May,20.4
21-May,18.9
22-May,17.5
23-May,16.6
24-May,16.6
25-May,14.3
26-May,12.5
27-May,9.4
28-May,9.4
29-May,8.9
30-May,8.8
31-May,9.0
01-Jun,8.0
02-Jun,7.2
03-Jun,6.4
04-Jun,6.0
05-Jun,5.9
06-Jun,5.5
07-Jun,4.6
08-Jun,5.0
09-Jun,4.7
10-Jun,3.8
11-Jun,3.5
12-Jun,3.5
13-Jun,3.1
14-Jun,2.5
15-Jun,2.8
16-Jun,2.4
17-Jun,2.0
18-Jun,1.7
19-Jun,1.6
20-Jun,1.6
21-Jun,1.5
22-Jun,1.4
23-Jun,1.4
24-Jun,1.4
25-Jun,1.2
26-Jun,1.1
27-Jun,1.1
28-Jun,1.1
29-Jun,1.1
30-Jun,0.9
01-Jul,0.9
02-Jul,0.9
03-Jul,0.8
04-Jul,0.8
05-Jul,0.8
06-Jul,0.8
07-Jul,0.7
08-Jul,0.7
09-Jul,0.7
10-Jul,0.7
11-Jul,0.7
12-Jul,0.7
13-Jul,0.6
14-Jul,0.6
15-Jul,0.6
16-Jul,0.6
17-Jul,0.6
18-Jul,0.6
19-Jul,0.7
20-Jul,0.6
21-Jul,0.6
22-Jul,0.5
23-Jul,0.6
24-Jul,0.5
25-Jul,0.5
26-Jul,0.5
27-Jul,0.6
28-Jul,0.7
29-Jul,0.7
30-Jul,0.8
31-Jul,0.8
01-Aug,0.7
02-Aug,0.8
03-Aug,0.9
04-Aug,0.8
05-Aug,0.8
06-Aug,0.7
07-Aug,0.8
08-Aug,0.7
09-Aug,0.7
10-Aug,0.8
11-Aug,0.9
12-Aug,0.8
13-Aug,0.8
14-Aug,0.9
15-Aug,0.8
16-Aug,0.8
17-Aug,0.9
18-Aug,0.8
19-Aug,0.8
20-Aug,0.7
21-Aug,0.8
22-Aug,0.7
23-Aug,0.7
24-Aug,0.7
25-Aug,0.7
26-Aug,0.7
27-Aug,0.7
28-Aug,0.8
29-Aug,0.8
30-Aug,0.8
31-Aug,0.8
01-Sep,0.8
02-Sep,0.7
03-Sep,0.7
04-Sep,0.8
05-Sep,0.7
06-Sep,0.8
07-Sep,0.9
08-Sep,0.8
09-Sep,0.9
10-Sep,0.9
11-Sep,0.8
12-Sep,0.9
13-Sep,0.9
14-Sep,1.1
15-Sep,1.0
16-Sep,0.9
17-Sep,0.9
18-Sep,0.9
19-Sep,1.0
20-Sep,1.0
21-Sep,1.0
22-Sep,0.9
23-Sep,1.0
24-Sep,0.9
25-Sep,0.8
26-Sep,0.8
27-Sep,0.9
28-Sep,0.9
29-Sep,0.9
30-Sep,0.8
01-Oct,0.8
02-Oct,0.8
03-Oct,0.9
04-Oct,0.9
05-Oct,1.0
06-Oct,0.8
07-Oct,0.8
08-Oct,0.8
09-Oct,0.8
10-Oct,0.8
11-Oct,0.8
12-Oct,0.8
13-Oct,0.8
14-Oct,0.8
15-Oct,0.8
16-Oct,0.8
17-Oct,0.8
18-Oct,0.8
19-Oct,0.8
20-Oct,0.8
21-Oct,0.8
22-Oct,0.7
23-Oct,0.7
24-Oct,0.7
25-Oct,0.8
26-Oct,0.7
27-Oct,0.7
28-Oct,0.7
29-Oct,0.6
30-Oct,0.6
31-Oct,0.6
01-Nov,0.6
02-Nov,0.6
03-Nov,0.6
04-Nov,0.6
05-Nov,0.7
06-Nov,0.8
07-Nov,0.8
08-Nov,0.9
09-Nov,1.0
10-Nov,1.0
11-Nov,1.0
12-Nov,1.0
13-Nov,1.0
14-Nov,1.0
15-Nov,1.0
16-Nov,0.9
17-Nov,0.9
18-Nov,0.9
19-Nov,1.0
20-Nov,1.0
21-Nov,0.9
22-Nov,0.9
23-Nov,0.9
24-Nov,0.9
25-Nov,0.9
26-Nov,0.8
27-Nov,0.8
28-Nov,0.9
29-Nov,0.9
30-Nov,1.0
01-Dec,0.9
02-Dec,0.9
03-Dec,0.9
04-Dec,1.0
05-Dec,0.9
06-Dec,1.0
07-Dec,1.0
08-Dec,1.0
09-Dec,0.9
10-Dec,0.9
11-Dec,0.9
12-Dec,0.9
13-Dec,0.9
14-Dec,0.9
15-Dec,0.9
16-Dec,0.8
17-Dec,0.8
18-Dec,0.8
19-Dec,0.8
20-Dec,
,
,
,
,
,
,
,
